key,season,coef

26013,summer,-522.7599999999998
26013,winter,-84.40521739130432
26057,summer,46.114174505351926
26057,winter,-54.38533895556276
26164,summer,-28.559131406010543
26164,winter,-38.820384945063516