,key,season,coef,sd,mean,chance
0,26057,summer,46.114174505351926,43.974948532863365,0.12906232645403376,14.812
1,26057,winter,-54.38533895556276,36.49324599590593,-0.0804852908067542,6.697
