,key,season,coef,sd,mean,chance
0,26164,summer,-28.559131406010543,99.70337117050133,0.008455587719298299,38.594
1,26164,winter,-38.82038494506352,57.322695019987556,0.056935947368420975,24.937
