,key,season,coef,sd,mean,chance
0,26013,summer,-313.6559999999999,94.62166448075354,-0.5300537634782608,0.049
1,26013,winter,-50.64313043478259,78.96216851216869,-0.17961897391304338,26.002
