,key,season,coef,sd,mean,chance
0,26013,summer,-522.7599999999998,94.67247427582339,-0.5230852382608695,0.0
1,26013,winter,-84.40521739130432,79.17632737887912,-0.13403937391304352,14.269000000000002
