,key,season,coef,sd,mean,chance
0,26057,summer,66.46075664025236,45.709575517669954,0.19642137214137212,7.435
1,26057,winter,-69.12091117164061,38.217678838733974,0.19639692307692316,3.55
