,key,season,coef,sd,mean,chance
0,26164,summer,-0.2682005494505365,106.4103024840545,-0.2480277766233763,49.861
1,26164,winter,-74.01535518053372,61.150565298350024,0.012819787012987208,11.363
