key,season,coef

26013,summer,-313.6559999999999
26013,winter,-50.64313043478259
26057,summer,66.46075664025236
26057,winter,-69.12091117164061
26164,summer,-0.2682005494505365
26164,winter,-74.01535518053372